type,model,balanced_accuracy,f1_score,precision,recall
bert_embeddings,SVC,0.8756809956964007,0.8762645914396886,0.8728682170542635,0.8796875
bert_embeddings,LGBM,0.8561222368935837,0.8590038314176245,0.8428571428571429,0.87578125
bert_embeddings,XGB,0.8518229166666667,0.8546221710778673,0.8394875659382065,0.8703125
bert_embeddings,LR,0.8393168035993741,0.8416184971098265,0.8304182509505703,0.853125
bert_embeddings,RF,0.8060959507042254,0.8068535825545171,0.8043478260869565,0.809375
