balanced_accuracy,f1_score,precision,recall,model,dataset
0.8381302572378717,0.843181818181818,0.8183823529411764,0.86953125,CharCNN,simple
0.8385129352503913,0.8451443569553806,0.8125450612833454,0.88046875,CharCNN,lemmatized
0.8350162607589984,0.8374422187981511,0.8259878419452887,0.84921875,CharCNN,stemmed
