balanced_accuracy,f1_score,precision,recall,model,dataset
0.8322305359937403,0.8443960826985855,0.7880839539607312,0.909375,CharCNN+GRU,simple
0.8408340669014085,0.85183836912996,0.7975460122699386,0.9140625,CharCNN+GRU,lemmatized
0.8330172877543036,0.8442174388909157,0.7919233401779603,0.90390625,CharCNN+GRU,stemmed
