balanced_accuracy,f1_score,precision,recall,model,dataset
0.8353861013302035,0.8420262664165105,0.8101083032490974,0.8765625,CharGRU,simple
0.8243856367370892,0.8420682377769961,0.7658349328214972,0.93515625,CharGRU,lemmatized
0.8290988116197183,0.8422952002887045,0.7826961770623743,0.91171875,CharGRU,stemmed
