balanced_accuracy,f1_score,precision,recall,model,dataset
0.7810959507042254,0.7763578274760383,0.7941176470588235,0.759375,xlm-roberta-base-finetuned,raw
0.8713382726917058,0.8785529715762274,0.8327501749475158,0.9296875,xlm-roberta-base-full-training,raw
0.8835124462050079,0.882120253164557,0.8934294871794872,0.87109375,xlm-roberta-base-full-training-2,raw
0.8698277337636933,0.8686390532544378,0.8772908366533865,0.86015625,distilbert-base-uncased-full-training,raw
0.85536910700313,0.8529411764705882,0.8681229773462783,0.83828125,distilbert-base-uncased-full-training-gpt2-data-with-twitter,raw
0.8670750195618153,0.8686244204018547,0.8593272171253823,0.878125,gpt2-full-training,raw
