balanced_accuracy,f1_score,precision,recall,model,dataset
0.8045456768388106,0.8019017432646594,0.8135048231511254,0.790625,WordGRU,simple
0.8287320275821597,0.837295690936107,0.7981586402266289,0.88046875,WordGRU,lemmatized
0.8244363751956182,0.8322749346283153,0.7974230493915533,0.8703125,WordGRU,stemmed
