balanced_accuracy,f1_score,precision,recall,model,dataset
0.8185843358763694,0.824109173616376,0.8004418262150221,0.84921875,WordCNN,simple
0.8099942537167449,0.8133640552995393,0.7998489425981873,0.82734375,WordCNN,lemmatized
0.8209329763302035,0.8257229832572298,0.8048961424332344,0.84765625,WordCNN,stemmed
