balanced_accuracy,f1_score,precision,recall,model,dataset
0.8177975841158059,0.824415975885456,0.7962154294032023,0.8546875,WordCNN+GRU,simple
0.8201480584898279,0.8256254738438211,0.8019145802650958,0.85078125,WordCNN+GRU,lemmatized
0.8248331132629108,0.8314522197140708,0.8018867924528302,0.86328125,WordCNN+GRU,stemmed
